THUMB,INDEX,MIDDLE,G1,G2,G3,LABEL
845,838,16004,-3980,-1112,26,1
902,846,838,16320,-3664,-1540,1
902,847,840,15372,-5024,5220,1
903,849,840,15140,-2544,5936,1
902,849,841,15816,-5656,5428,1
903,849,840,15904,-4060,6220,1
903,849,840,15768,-3700,4208,1
904,850,841,15816,-2492,5364,1
903,849,841,16064,-3284,5252,1
903,849,840,16216,-2888,5068,1
903,848,840,16476,-2772,4348,1
903,849,840,16404,-2240,4152,1
902,849,841,16476,-2432,4568,1
902,849,840,16276,-2340,4628,1
902,849,840,16220,-2448,4756,1
902,849,840,15980,-2288,4916,1
902,848,840,16128,-2104,5020,1
902,849,840,17264,-1968,3064,1
902,849,841,16796,-860,3944,1
903,847,840,16644,-340,3864,1
902,837,827,18000,-1228,3148,1
901,831,815,14764,-336,4700,1
903,836,821,14612,-2452,3016,1
896,847,829,17976,-4988,3556,1
906,841,827,17420,-4020,2192,1
893,845,832,16568,-3904,1756,1
897,846,833,16376,-4368,3716,1
899,846,833,16824,-4180,3824,1
897,846,834,15600,4240,4052,1
898,847,834,15728,784,3268,1
896,845,833,16268,-1744,3400,1
896,844,833,12584,-17168,3096,1
897,845,832,16092,-5024,4196,1
899,845,833,15928,-7564,6108,1
899,844,833,17628,-2200,2528,1
897,844,834,16372,-1652,4448,1
898,844,834,17060,-3996,2860,1
898,845,834,15920,-5072,4972,1
899,845,834,16064,-6828,7248,1
900,844,834,16928,916,4116,1
899,844,835,17028,-736,3252,1
897,845,835,22372,-404,4684,1
898,846,835,14572,-396,-4404,1
898,846,835,13604,-1596,-8052,1
899,846,836,17148,620,-2596,1
899,846,836,16788,-2588,-1992,1
897,847,835,20300,2412,8660,1
898,847,835,17596,616,3424,1
897,848,836,16620,-3052,6392,1
897,847,836,15148,-11936,6752,1
897,847,836,14308,-1976,2528,1
898,847,836,14328,-2816,-5960,1
899,847,837,15808,-644,-1848,1
898,846,836,16716,-4604,180,1
904,849,836,15620,-2228,-72,1
900,850,837,12084,4548,-12344,1
905,851,836,16684,-8492,6492,1
906,852,837,13348,-2584,8768,1
905,852,837,14780,-1864,7940,1
902,850,837,20080,-6696,7864,1
902,850,836,16596,-4316,5332,1
894,830,820,16896,-4580,1696,1
899,832,820,14016,-5324,2932,1
901,834,821,16840,-2804,1084,1
900,833,824,10136,-5556,-1264,1
898,834,824,17440,-11484,6988,1
900,835,825,17664,-5536,4812,1
898,839,830,18116,-3632,2628,1
900,848,839,17292,-5236,1984,1
900,849,838,15280,-5404,4280,1
896,850,839,16072,-5460,4368,1
900,850,838,15736,-7800,3180,1
900,852,838,17472,-3688,4400,1
896,853,838,15696,-1436,2452,1
897,852,838,16480,-1972,5560,1
896,852,838,15900,-6732,5212,1
898,852,838,15092,6684,4124,1
898,853,838,15704,-3016,7100,1
900,851,838,16232,-12,3908,1
897,851,838,16248,-2880,1260,1
897,852,838,16952,-444,4352,1
898,851,838,15696,820,6000,1
897,831,828,14300,-3960,3144,1
898,829,824,13636,-1236,2536,1
898,830,826,16804,-1900,5016,1
898,832,828,14808,-7412,8200,1
898,834,830,18364,32,8608,1
898,837,831,16632,-1720,2508,1
897,837,831,16512,-396,6204,1
897,836,831,15632,-4988,7264,1
896,837,832,16072,-5016,2856,1
896,839,833,13692,-16060,5252,1
897,840,834,16076,-748,6348,1
897,838,834,2824,-9596,-16212,1
897,839,834,3256,-3756,-14016,1
896,839,834,692,-2428,-14188,1
897,840,834,15876,-4740,1068,1
898,841,834,17072,-664,5224,1
888,847,841,16056,-6252,1544,1
892,846,840,15360,-3908,2476,1
901,846,841,13888,-6924,1272,1
902,845,841,14988,-3276,3640,1
905,846,841,15132,-7124,5264,1
902,852,843,13552,-6568,5588,1
901,852,843,14932,-6488,4436,1
896,853,843,13808,-3752,3692,1
903,852,843,14800,-5168,5756,1
902,852,843,17012,-2520,4144,1
903,852,842,13868,-664,7624,1
902,852,842,16716,1236,4972,1
903,852,842,17048,-4812,2892,1
899,845,838,14052,-1780,2736,1
901,841,836,13668,2648,9368,1
901,844,838,11064,-2456,-7748,1
902,844,838,15364,9200,-7344,1
900,844,838,10784,-1236,-9944,1
901,844,838,16056,-2172,5612,1
901,845,839,13768,-104,8388,1
901,845,839,17088,-1352,5008,1
901,845,839,15772,1392,7080,2
901,845,839,15088,-2028,5088,2
900,851,843,19648,2516,7544,2
821,919,914,16992,-6648,976,2
826,920,915,13816,-2160,-3132,2
816,920,915,15072,-1212,-2408,2
818,920,915,15664,-3648,-3052,2
822,919,915,15452,-2568,-3012,2
826,919,915,15828,-3620,-6748,2
828,919,915,14308,-2328,-3072,2
830,919,915,15652,-1876,-4660,2
831,919,915,16012,-1000,-5920,2
830,919,915,15888,-664,-380,2
816,919,915,16944,-2632,-1848,2
815,919,915,16260,-2796,-960,2
820,921,916,15276,-964,-1464,2
821,920,916,14352,-1280,-4704,2
829,920,916,14040,-404,-7636,2
830,920,916,15000,-548,-6304,2
830,920,916,12548,-2420,-9124,2
825,920,915,15104,-1872,-7620,2
826,920,915,15160,-4004,-5236,2
829,920,915,15352,-3404,-2192,2
832,920,915,14428,-3552,-5572,2
834,920,916,13216,572,-7464,2
835,916,912,14360,-1264,-3744,2
839,918,913,16424,-1452,-5140,2
838,919,913,16320,-2300,-3240,2
838,919,914,16608,-1184,1488,2
838,918,913,16076,-5292,-540,2
826,918,913,16128,-648,1748,2
828,918,914,16516,-2852,752,2
830,918,914,16112,-2340,1000,2
830,916,912,14368,-5204,-5908,2
864,917,912,16480,-2660,-2744,2
858,917,911,15624,-2728,-2224,2
811,917,911,15432,-4512,-3460,2
811,917,911,14048,-4660,-4988,2
797,916,911,14620,-5060,-1508,2
803,916,911,16812,1164,2324,2
817,917,911,17208,-864,32,2
824,918,913,15016,-3460,-2960,2
823,918,912,15188,376,-1144,2
827,917,912,9172,-1924,-10524,2
830,918,913,10672,-2432,-10488,2
831,918,912,11760,-944,-9348,2
830,918,913,12612,-2996,-7432,2
828,918,913,17124,-1808,-2920,2
828,918,913,14440,-8736,-2032,2
827,917,913,16632,-2056,3164,2
828,918,913,16416,-1208,3300,2
829,917,912,16452,-2972,4780,2
830,917,912,16344,956,760,2
835,917,912,16812,-6064,-2864,2
836,917,912,16000,-88,-5772,2
835,918,912,14960,-4048,-4492,2
832,918,912,16384,-4288,-240,2
829,918,913,16196,-1744,-2020,2
830,918,912,16244,-984,-1192,2
832,917,912,15228,-7888,-1520,2
830,917,912,16716,-2956,4236,2
829,917,912,16568,-2220,3276,2
831,917,912,16532,-1584,2812,2
831,917,912,16436,-1608,2712,2
833,917,912,18140,600,-1384,2
830,917,912,15604,-4028,-4968,2
831,917,912,15308,-3288,-4956,2
831,917,912,15520,-1796,-4192,2
830,916,912,15104,-1836,-4280,2
836,917,912,10224,-48,-15820,2
836,917,912,10848,2928,-10580,2
836,917,912,8984,-1708,-10560,2
833,917,912,16748,-2528,-2908,2
833,917,912,16576,-1264,-1764,2
835,918,912,17316,1188,-572,2
836,918,912,16312,-264,-1064,2
836,918,913,16572,-148,-1084,2
836,918,912,15896,-7920,-132,2
835,918,913,15296,-4996,1008,2
838,919,914,16144,-3724,4020,2
837,919,913,16324,-3672,4228,2
836,918,913,16256,-4072,4524,2
825,918,913,16284,-4264,3868,2
831,918,913,16140,-3120,-4876,2
836,918,913,15260,-3096,-3256,2
843,919,913,15628,-3344,-4008,2
845,918,913,14936,-6104,-4880,2
819,918,913,13208,-4188,-4460,2
821,918,913,15456,-5228,-4388,2
822,917,913,14476,-6052,-4008,2
825,918,913,16120,-9080,2908,2
814,918,913,15140,-6416,2332,2
826,918,913,14780,-7648,1804,2
838,918,912,16252,-6712,-132,2
855,917,912,16608,-5648,3328,2
830,918,912,14572,-8396,3052,2
813,918,912,16324,-5472,1656,2
816,918,912,15488,-7336,4456,2
817,918,912,15660,-1044,2376,2
816,917,911,16588,-3436,2224,2
810,917,912,15760,-4348,2316,2
811,917,911,16668,-4648,2084,2
810,917,911,15140,-4288,2756,2
816,917,911,16960,-4608,2104,2
835,916,911,15940,-6844,804,2
816,916,911,14868,-6096,516,2
817,916,912,15668,-6376,792,2
818,915,911,16036,-5752,520,2
820,916,911,15348,-4852,16,2
820,915,911,16240,-4684,68,2
818,916,911,16116,-2356,-168,2
822,916,910,16004,-3844,2124,2
822,916,911,16360,-2372,296,2
822,916,911,16732,-2712,1296,2
823,916,911,16152,-2804,1896,2
821,917,912,16648,-1496,-2676,2
823,918,912,13276,256,-6236,2
823,918,912,15516,-2540,4136,2
820,916,911,16348,-5856,-432,2
822,917,911,18212,2872,-3184,3
826,917,911,14540,-3620,-5152,3
888,863,834,14804,-5044,-3748,3
860,850,823,15768,-5272,-1648,3
858,852,826,14424,-5732,-4796,3
854,856,831,15384,-6040,-2108,3
854,858,833,12976,-2156,-5440,3
853,859,835,14440,-4600,-5576,3
853,859,835,15036,-4696,-5280,3
853,861,837,14840,-4448,-4928,3
856,867,843,13376,-4636,-4400,3
863,871,850,12576,-5060,-5852,3
861,873,852,13976,-5396,-6212,3
861,873,853,13480,-5508,-5484,3
860,874,853,13960,-6092,-6236,3
857,872,851,12384,-6900,-9552,3
855,872,851,10116,-2200,-10968,3
851,871,848,12432,-4008,-8500,3
850,871,853,12336,-4716,-8304,3
848,868,856,12628,-4904,-8552,3
847,868,853,13536,-2308,-6740,3
849,867,855,15396,-2716,-6216,3
851,868,855,14588,-2372,-12980,3
849,869,855,16388,-40,-3628,3
847,870,856,15040,-3080,-3876,3
841,867,852,15244,-10592,1976,3
839,870,853,13608,-2932,-7304,3
839,871,854,14416,5616,696,3
839,870,851,14428,-7708,6280,3
839,871,851,14460,-5596,5540,3
840,871,851,14912,-6084,5144,3
840,871,850,15072,-5152,4844,3
839,871,850,14772,-11900,5560,3
838,872,852,16052,-2188,-3204,3
842,874,853,15776,-3052,-5932,3
842,873,855,15928,-3956,-3124,3
842,872,857,13628,-1712,-7632,3
857,878,855,13272,3324,-7240,3
862,875,852,16400,-4772,-4460,3
867,871,847,16084,-3412,-4116,3
864,872,848,14028,-4792,-5520,3
862,872,849,14836,-4496,-5416,3
862,873,849,14772,-3516,-4756,3
862,873,850,15396,-4040,-4096,3
861,873,850,16204,-3404,-3420,3
861,873,850,15528,-4084,-2504,3
861,873,850,15480,-3668,-3216,3
860,873,851,15524,-3956,-3580,3
859,873,852,16072,1224,-5396,3
859,874,853,12140,7072,-11744,3
858,870,851,8248,9548,-6268,3
860,874,854,10068,15208,-1772,3
858,872,853,11928,2028,-10332,3
854,874,855,16480,-4544,100,3
848,872,852,16184,-1724,6968,3
850,872,852,15392,-1384,6252,3
855,873,853,12632,1340,-1180,3
854,877,856,15884,-4352,-1992,3
855,877,856,16180,-1980,-2204,3
855,877,857,14500,-4472,-2860,3
855,877,856,16056,824,-868,3
854,878,856,16496,1964,192,3
854,878,857,15884,-1912,-1748,3
854,877,857,15804,-5636,-3248,3
854,877,856,15768,-3736,-3400,3
854,877,857,15884,-4320,-2144,3
851,878,857,16632,-4916,-700,3
853,878,858,16452,-5100,1804,3
841,877,858,16492,-1904,8508,3
840,879,859,16020,-4328,5052,3
848,878,859,14348,-4520,9852,3
850,879,859,8668,-5696,17808,3
850,879,859,14916,-2684,-2640,3
850,879,858,13792,-1068,-7280,3
851,879,858,7220,768,-15068,3
852,880,859,9976,1028,-11500,3
853,880,859,15056,-1280,-4700,3
853,880,859,15064,-6020,-1192,3
854,880,859,15048,-4720,-864,3
851,868,848,16480,-3780,-300,3
852,870,850,16168,-4232,-540,3
853,872,852,16004,-4492,396,3
853,872,851,16136,-3656,-392,3
853,873,852,16480,-4320,540,3
853,873,851,15948,-4080,-416,3
853,873,851,16068,-3876,316,3
853,876,856,15180,-4760,-2428,3
853,876,859,19640,2844,-1256,3
852,878,861,15608,-2368,-5460,3
866,888,878,15176,-3676,-5900,3
864,888,874,15244,-3360,-5056,3
839,889,874,14568,-6096,-6328,3
845,871,854,15628,-3844,-4900,3
855,866,849,14584,-4560,-4092,3
858,870,853,15432,-5556,-2668,3
856,872,854,16172,-2456,-1232,3
855,872,855,16468,-3772,-1200,3
854,873,855,16480,-2128,140,3
854,873,855,16160,-3980,-3472,3
854,873,856,15168,-8044,-3352,3
853,874,856,12264,-7612,-3796,3
856,877,859,18396,608,-2260,3
855,877,859,16588,-312,-2644,3
851,877,859,15128,572,-656,3
847,874,855,18796,4632,2344,3
846,875,854,12428,-7276,2052,3
845,875,855,17704,-6736,5632,3
844,876,857,15600,3696,2684,3
847,877,857,17188,-3352,-144,3
848,878,857,16652,-1268,-1296,3
849,878,857,15860,-388,-1432,3
849,878,857,15808,-4148,-2564,3
849,877,857,15272,-6292,-4380,3
849,879,857,13836,5632,-644,3
849,878,858,15392,-2636,-920,3
849,877,861,16524,-3532,-1212,3
849,878,860,16664,-6372,-2332,3
857,882,861,15628,-4984,-1848,3
857,882,862,15708,-2872,-1896,3
856,883,862,15408,-2892,-2064,3
855,884,861,15776,-3308,-2204,4
856,884,858,15316,-3488,-2012,4
869,917,852,14844,-11440,-1636,4
877,920,855,15308,-6280,-1324,4
869,920,845,15296,-6516,-764,4
865,920,847,15220,-7224,-632,4
865,920,853,16304,-1704,1820,4
867,920,845,15484,-2312,-1608,4
866,920,847,16752,-3076,-1244,4
866,920,848,16136,-3352,-1268,4
864,920,845,15840,-4296,-1484,4
850,920,844,15820,-4672,-2636,4
852,920,846,16052,-5224,-2332,4
853,920,846,15512,-4612,-3016,4
853,920,847,14328,-3548,-1516,4
856,920,848,15020,-4528,-3512,4
856,920,848,14744,-2516,-4916,4
856,920,848,14236,-3196,-3200,4
857,920,848,14748,-152,-2992,4
857,922,849,16328,-3180,-1368,4
857,922,849,16344,-3140,-2808,4
857,921,851,15600,-3808,-3960,4
857,921,851,14332,-4960,-3048,4
857,921,851,14916,-4784,-5976,4
855,921,850,14856,-6908,-3184,4
857,921,851,13656,-5356,-3904,4
857,921,851,14412,-7032,-4064,4
850,920,850,16936,-3692,1632,4
854,920,853,14788,-2552,-5852,4
854,919,853,14380,-88,-7636,4
856,919,853,13044,-5144,-3420,4
854,919,853,15760,-3500,-3140,4
852,919,854,14668,-7420,-2932,4
853,919,854,14348,-8572,-2068,4
853,919,854,12096,-1784,-4168,4
854,918,855,16032,-464,28,4
854,919,856,15040,-3112,-4664,4
854,918,856,15532,-3804,-5672,4
855,918,854,8028,-3384,-11100,4
856,918,855,1988,-8696,-13284,4
856,918,856,11580,-5804,-8060,4
854,919,855,15164,-2860,1384,4
854,919,854,16244,-3868,5808,4
853,918,855,14216,-3196,6696,4
854,918,856,15264,-2492,6996,4
854,917,855,15212,-3028,6568,4
854,917,855,16512,-3196,6304,4
854,917,855,16228,-3228,5316,4
855,918,856,15128,-13336,1844,4
855,918,857,9764,-7220,-9916,4
855,918,857,1216,4524,-13968,4
854,918,857,2876,728,-14832,4
856,919,857,14572,-2728,-6712,4
855,919,856,16892,-1956,3576,4
855,918,856,13168,-4772,10724,4
853,917,855,10280,-56,16764,4
854,917,855,12828,2804,11940,4
853,917,855,12528,-13068,4076,4
854,917,855,11884,-11288,3252,4
854,917,856,13580,-7676,3596,4
854,917,856,14852,7952,-596,4
853,916,855,13020,6824,-1304,4
853,917,855,13696,9156,-1080,4
854,917,855,13736,5420,-2164,4
854,917,856,16904,4100,1676,4
856,918,857,17580,-80,-2004,4
856,918,858,16420,860,-2756,4
854,918,858,15556,-1228,-2080,4
859,920,855,14232,-3592,-4508,4
837,917,835,16984,-2264,-2800,4
832,914,832,15428,-3460,-2900,4
834,916,836,16168,-2112,-1932,4
837,916,839,16244,-2532,-1152,4
838,916,839,16184,-2716,-1760,4
838,917,840,16456,-2500,-1892,4
853,917,849,16884,-1736,-1008,4
860,917,857,15992,-3552,208,4
852,917,858,17504,-2332,5244,4
856,918,859,15540,-4204,2028,4
860,919,861,16644,-3768,1812,4
863,919,861,17216,-2644,1852,4
863,919,862,15516,-3124,592,4
863,919,861,15116,-1460,1260,4
863,919,861,16344,-4460,2804,4
861,918,859,11192,-3444,-11472,4
865,918,862,16016,-2736,-5084,4
865,918,862,13724,-3612,-8008,4
865,918,862,14588,-3804,-5028,4
864,918,862,15576,-2180,-1060,4
864,918,862,16084,-3796,820,4
864,918,862,16548,-4068,704,4
864,918,862,16176,-4236,220,4
864,918,862,15884,-3416,-3124,4
863,918,862,16352,-4696,3872,4
863,918,862,15740,-2984,3048,4
863,918,862,16908,-4196,3148,4
864,918,861,16784,-36,-2708,4
865,919,862,16176,-384,-3968,4
865,918,860,15360,-856,-5668,4
865,918,860,14404,-284,-4384,4
865,918,860,15900,-160,-4476,4
868,918,851,14952,-2084,-5352,4
866,917,849,15700,-1112,-4036,4
855,916,845,14732,-3096,-5644,4
851,917,846,15608,-3884,-5556,4
869,917,857,16860,-4528,-724,4
871,918,860,16744,-944,1740,4
871,918,860,16712,-2096,384,4
871,918,860,16024,-2072,1528,4
870,917,859,16608,-1760,1168,4
870,917,860,16344,1576,2436,4
870,918,859,16072,-1968,1572,4
870,918,859,16316,-2400,2592,4
870,917,859,16964,-2084,2180,4
870,917,859,16636,-2304,2256,4
870,917,859,16576,-2172,2060,4
871,918,857,17540,-1920,1656,4
870,918,858,14736,-4884,8204,4
871,918,858,15956,-2976,3548,4
865,907,876,15944,-3980,3228,4
833,881,893,15732,-3044,24,5
858,836,856,17364,56,568,5
838,801,809,16176,-2436,4372,5
820,825,838,14968,-5848,216,5
821,829,841,16160,-5040,108,5
824,822,831,16428,-3772,892,5
827,817,821,16092,-5092,1108,5
830,821,826,16128,-2812,2496,5
825,820,822,16452,-5200,544,5
825,821,823,16192,-4040,-1048,5
828,822,823,15916,-5016,128,5
829,822,823,14888,-9088,156,5
829,823,824,17616,-3192,-1020,5
832,827,826,15284,-4196,-1860,5
833,828,827,18324,-1592,-3056,5
835,829,827,15404,-4592,-8052,5
836,829,827,12928,-1088,-7028,5
836,829,827,16536,2908,-2568,5
829,828,827,15172,-8420,-1172,5
831,828,827,16852,-3772,3596,5
833,830,831,16768,-1612,3068,5
834,831,830,16224,-5704,-868,5
834,831,830,16004,-3692,-672,5
834,831,831,16096,-4220,172,5
830,833,831,16292,-4040,-920,5
857,833,835,15668,-2460,-3340,5
830,831,829,16304,-4532,292,5
830,831,829,16344,-5256,1968,5
831,831,829,15996,-4884,1068,5
831,831,829,15856,-4516,804,5
831,831,829,16028,-4596,1508,5
832,831,830,15856,-4884,920,5
832,831,829,16560,-5176,-16,5
832,831,829,16556,-4684,-288,5
822,830,830,15944,-2148,544,5
824,831,830,16168,-4012,-388,5
825,831,830,16004,-5072,-824,5
824,831,830,15916,-3576,-312,5
824,831,830,15976,-3728,-1064,5
823,831,830,17128,-7580,-1476,5
824,832,830,15888,-2076,1164,5
825,832,830,15964,-4856,-2900,5
829,831,830,16240,-912,-904,5
829,831,831,15736,-784,-2096,5
829,832,830,15492,-556,-3572,5
826,832,831,15852,-324,-1444,5
832,833,830,14484,-3296,-5712,5
837,836,832,15108,-2124,-4288,5
839,836,832,15884,-1276,-3608,5
839,835,832,14332,-2576,-7924,5
832,836,831,17096,-6344,-1204,5
831,834,830,16548,-4484,5552,5
831,834,830,16028,-2680,4712,5
829,833,831,15624,-2192,3320,5
830,833,831,15964,-3256,2632,5
831,833,831,16760,-2648,4052,5
831,834,831,16228,-3052,3332,5
829,834,831,16708,-3224,4976,5
830,834,831,16660,836,3880,5
834,836,832,16700,-5352,-1048,5
835,837,830,16404,-1448,-6180,5
838,838,831,12508,-2828,-8996,5
840,838,831,12696,-1676,-9396,5
841,838,831,10824,-2140,-9456,5
838,837,831,14804,-5444,-1732,5
833,838,831,15040,-3472,-384,5
828,838,832,15228,-2508,-2084,5
828,838,832,16548,-4460,596,5
829,839,831,15616,-5588,1688,5
829,838,831,16540,-3692,-488,5
830,838,832,17544,-1220,-1828,5
828,837,832,15412,-5752,6276,5
830,837,832,15988,-5780,6236,5
831,837,832,15660,-4436,5644,5
832,837,832,15588,-4608,4704,5
829,833,829,15576,-3944,5412,5
828,832,828,15988,-4628,5460,5
825,829,824,16116,-3440,5316,5
827,830,826,16132,-3684,5464,5
831,834,830,16256,-1480,5476,5
833,835,831,15116,-7244,5176,5
836,839,833,15480,5000,-1540,5
832,833,828,12780,-2564,-8768,5
834,836,830,11804,-340,-10088,5
835,836,830,12280,420,-8576,5
835,836,830,12160,280,-9276,5
834,836,831,13476,-1680,-7660,5
832,835,829,16368,-708,-1064,5
833,834,830,17884,11056,1412,5
831,833,829,17156,-1960,3940,5
833,835,832,17012,7496,5076,5
831,833,828,4420,-1428,-13348,5
835,837,832,1336,-680,-14280,5
832,833,828,11028,-6052,-5184,5
832,833,828,14052,-8552,10712,5
835,836,831,14300,-5148,9632,5
834,836,831,16388,-3608,940,5
834,835,830,15936,-156,-2288,5
834,835,831,16536,-768,-3156,5
833,834,830,16680,-3116,1380,5
834,834,830,17452,-2496,5120,5
836,836,832,13688,-4216,-7560,5
838,838,834,6984,-2036,-15092,5
835,836,832,12256,-2404,-9348,5
829,839,834,19692,-5764,-1964,5
830,838,832,13824,-8212,7024,5
832,837,832,13736,-932,10820,5
817,822,818,15024,-5972,140,5
809,812,808,15816,-4188,-3936,5
789,787,785,16568,-3380,620,5
809,810,806,15200,-4120,-3392,5
809,810,806,15360,-4740,-1220,5
812,813,808,15832,-4896,-2228,5
827,828,824,15972,-4400,392,5
820,822,817,16204,-4808,464,5
825,826,822,15380,-2996,-3572,5
839,840,835,14720,-3292,-4644,5
841,842,839,15036,-3692,-1932,5
867,855,908,14824,-3292,-3556,5
880,859,916,16728,-1936,-4864,5
880,859,916,15872,-1924,-1200,6
881,860,916,15632,-3196,-1980,6
879,858,915,15048,-3628,-3984,6
855,835,889,16444,-5052,2428,6
870,849,905,15688,-3728,-2168,6
857,851,907,15852,-4048,-1904,6
831,847,907,16604,-1196,396,6
828,843,906,14608,-4280,2504,6
824,843,906,15944,-4616,1624,6
828,847,907,15604,-2236,3320,6
829,847,906,17536,-2160,2680,6
833,848,907,15688,-6280,2856,6
836,848,906,16328,-3152,1844,6
841,851,908,16364,-2664,1712,6
839,850,908,16320,-2764,3164,6
835,849,906,16368,-2540,2856,6
845,850,905,16672,-3192,3408,6
859,851,900,16488,-3428,2084,6
845,854,901,13584,-5700,1992,6
844,849,897,15548,-6384,1084,6
848,852,899,15464,-5592,788,6
854,855,901,14592,-4556,3828,6
849,849,897,15648,-5400,5016,6
877,850,897,15636,-3744,4572,6
873,850,896,15456,-5068,2744,6
870,848,895,17316,-4704,1492,6
873,851,897,16260,-1200,3424,6
881,858,905,16568,-2232,2072,6
856,834,880,16720,-3112,2152,6
867,845,892,16212,-2996,1340,6
864,841,890,16184,-2256,-148,6
861,838,886,17084,-1572,-1008,6
871,848,896,16936,-340,1796,6
868,846,893,17044,-1164,984,6
869,845,893,17284,-1440,-1000,6
863,838,888,16004,-800,-376,6
852,829,877,18452,48,1236,6
853,831,878,16400,-2652,1980,6
856,833,878,15412,-4784,576,6
862,840,885,16688,-3360,-452,6
861,839,885,16612,-2892,256,6
862,838,885,16996,-4896,-1640,6
866,839,885,17460,-3120,1924,6
872,844,890,16944,-3832,1956,6
870,844,890,15752,-3740,1056,6
876,847,892,15716,-2884,2812,6
872,847,893,16728,-2596,2424,6
879,852,898,16272,-1856,2532,6
880,852,898,16548,-2516,2492,6
880,853,899,16884,-3020,1224,6
882,854,901,17220,-2240,1016,6
858,833,875,18656,652,576,6
892,863,909,12388,1424,-10016,6
890,862,910,14584,-1024,-4644,6
889,862,909,17336,-4320,-2696,6
885,863,909,16472,204,100,6
891,864,911,18692,-1184,-792,6
891,865,912,15328,1496,-4144,6
891,864,911,16568,-1992,-3364,6
891,864,912,15840,-760,-4436,6
890,863,911,16348,-6212,444,6
890,864,911,15516,-2240,2564,6
894,868,911,16972,-6476,-212,6
889,860,907,17280,-3832,1104,6
887,860,906,17400,-7176,1280,6
887,860,905,18532,-4264,3712,6
886,860,905,15496,-2536,348,6
889,859,904,15568,-3412,980,6
885,857,901,17420,-2920,5600,6
890,863,910,16248,-3660,4056,6
889,863,906,16644,-3884,6872,6
877,851,894,9352,-6288,13744,6
871,845,888,12976,-5208,12104,6
861,836,879,13172,-4020,12048,6
871,845,888,15160,-11744,10300,6
887,860,905,17264,-2560,-2764,6
871,843,888,16664,-1784,-6748,6
866,839,883,15344,-1008,-4472,6
877,850,894,15592,-1668,-4940,6
893,866,911,14568,-1788,-5032,6
893,866,911,15508,-3196,-4816,6
894,866,910,15872,-616,-3572,6
894,867,910,15932,-2516,-3288,6
894,866,910,16316,-3112,-1932,6
893,867,910,15960,-1688,-968,6
889,864,904,17508,-3064,1108,6
897,871,912,16560,-2292,516,6
897,871,912,16248,-1092,3552,6
895,870,912,16760,-3044,3968,6
896,870,912,16480,-2932,4392,6
896,870,912,16088,-2912,4988,6
895,870,911,16140,-3248,4844,6
896,870,912,15940,-3092,5808,6
898,872,914,16200,-3492,5072,6
896,870,912,15384,-3196,4252,6
896,871,913,13432,-2904,3644,6
892,866,910,14068,-4220,9296,6
890,863,911,14520,3408,12880,6
889,863,911,13968,-712,10064,6
889,863,910,14372,-1160,10076,6
889,862,910,14472,-1420,8836,6
889,862,910,14536,-1508,9992,6
889,863,909,14540,-4940,4548,6
891,866,909,18916,-1108,1940,6
897,873,915,17288,-5792,-2880,6
891,864,909,14752,-624,-1648,6
891,865,908,15228,1632,-4888,6
890,862,907,9000,4596,-11220,6
892,863,908,9232,8988,-9440,6
890,856,908,10084,9588,-8004,6
891,863,908,6756,1772,-12024,6
886,862,906,18980,868,-1340,6
884,859,908,14788,-4072,10108,6
881,859,907,14816,-2000,8548,6
882,859,907,14880,-4024,7908,6
884,861,878,17340,-2844,2192,6
886,863,907,17364,300,-1532,6
888,864,907,14760,-4748,-304,6
888,863,906,17124,-3036,484,6
887,914,832,15132,-4340,2896,7
858,908,845,15272,-416,4604,7
858,908,850,16264,-2576,6488,7
858,910,853,15916,-4340,4900,7
846,909,851,15604,-2416,2064,7
856,909,854,13468,-5120,3796,7
856,908,853,15308,-6360,3608,7
861,909,853,18536,-5320,6548,7
862,911,853,15468,116,3280,7
866,916,832,15684,-3752,6924,7
864,918,850,15988,-2864,4916,7
861,918,848,16592,392,8504,7
878,918,846,14888,-2768,7692,7
867,917,850,15588,-720,7968,7
866,918,856,15148,-5132,7104,7
867,918,855,15964,-3276,4292,7
868,918,856,16272,-3236,3940,7
857,917,856,16224,-2968,-240,7
869,917,856,17004,-3432,-3780,7
868,917,856,16464,-7044,5644,7
868,916,848,16452,-2324,6852,7
868,917,854,16688,-1096,8300,7
869,917,856,15120,-5360,6572,7
870,917,834,13848,-6580,2116,7
870,917,853,17788,-1044,652,7
870,918,856,16476,-2332,-596,7
870,918,855,13096,320,-9848,7
872,918,854,14620,1132,-5084,7
871,917,856,16080,-5460,800,7
865,917,856,12148,-8804,16020,7
868,917,855,10408,-5128,12928,7
870,917,856,14656,-8852,-724,7
870,917,856,17504,1980,6140,7
869,900,855,9168,-13068,6236,7
871,918,858,2208,-19780,6584,7
872,919,858,7672,-17612,9264,7
873,920,860,16824,4620,2728,7
871,918,859,15952,4492,2272,7
868,916,856,9888,-6472,4344,7
866,916,857,10504,-11836,5100,7
868,920,858,15360,-1208,5400,7
859,918,857,15488,1016,5360,7
871,918,858,5544,-17856,2912,7
850,918,856,17076,-6984,2324,7
866,918,854,16032,2876,2612,7
868,918,857,11128,-6844,6812,7
871,918,857,8728,-13488,4068,7
866,918,856,13668,4808,3276,7
865,920,858,20380,-60,8304,7
865,918,861,7692,-15488,6072,7
866,918,859,15428,-8552,4404,7
864,917,857,14168,8648,2340,7
867,918,859,8112,-15640,1436,7
867,918,860,10420,-12644,3712,7
867,918,857,16976,1840,3584,7
867,917,857,17132,1984,6132,7
870,918,859,9256,-13688,3620,7
870,917,859,14260,-5648,4540,7
872,918,856,16244,-1140,-1336,7
873,918,856,16456,-1228,-2508,7
872,918,853,15792,-3264,-2524,7
872,918,838,16336,-4880,608,7
871,917,858,16272,-3372,728,7
870,918,857,15900,6952,3632,7
870,911,859,-2156,-26224,4752,7
862,917,859,14740,268,3376,7
861,917,858,15052,10444,3828,7
865,917,860,7020,-17196,3064,7
866,918,859,12788,-4624,4932,7
863,917,857,17132,4856,5060,7
864,917,837,16440,-13360,5724,7
867,918,859,6988,-14768,3216,7
868,918,859,6524,-15676,3700,7
869,918,859,8340,-14780,3320,7
867,917,857,14552,-1800,5324,7
865,918,858,14592,7996,4608,7
865,917,837,15228,7464,4304,7
869,917,858,15996,-1444,4680,7
870,918,859,7736,-15652,2000,7
870,917,859,5144,-14992,6288,7
869,919,860,8136,-13712,5516,7
869,918,858,16592,188,5132,7
871,918,856,14632,11964,4744,7
871,918,857,15600,-820,5760,7
871,918,856,15924,-3848,2100,7
871,918,858,14216,-8368,2848,7
871,917,860,13840,-6332,11540,7
871,916,859,12948,-2336,11824,7
871,916,859,13256,-3824,11200,7
871,917,860,13284,-7456,8840,7
873,919,858,16676,-4320,3864,7
873,918,859,16792,-2336,3144,7
873,918,858,15864,4768,3980,7
873,918,860,15188,-5852,4572,7
873,917,840,14512,-5424,-2116,7
872,917,858,9240,-4304,-10084,7
873,917,859,8352,-6860,-10760,7
870,917,856,15420,-1284,4716,7
842,918,859,9740,-6828,13404,7
865,918,859,9228,-5452,14260,7
868,917,859,16912,-3888,6988,7
870,916,859,10876,-10632,-9828,7
869,917,860,14508,-4604,4584,7
866,920,862,10488,-5372,12368,7
867,918,861,11420,-4096,12336,7
867,918,864,12364,-5816,6164,7
866,917,862,15116,-7000,-440,7
868,916,861,13736,-7876,-4080,7
872,916,859,14700,-7264,-500,7
871,916,854,15484,-5932,8024,7
871,917,859,12800,-1596,14792,7
871,918,860,11604,-4056,14292,7
871,917,858,8452,-4216,15748,7
872,918,858,14832,-3636,9724,7
869,915,858,13984,-8756,2776,7
870,915,860,13300,-7792,-1980,7
871,916,859,15988,-6256,-2392,7
880,916,863,16036,-4460,5540,7
815,915,910,13724,-11820,900,7
822,917,913,14148,-10504,-2620,8
812,916,913,12284,-11104,1968,8
815,916,913,13920,-9028,-1628,8
816,916,913,14052,-8736,1236,8
817,916,916,12744,-8764,856,8
833,916,913,11764,-7976,816,8
874,916,913,14008,-10536,-32,8
879,916,912,15064,-7528,-1308,8
860,916,913,14068,-10212,1076,8
871,916,913,12144,-11212,-1232,8
867,918,912,13320,-18128,-2956,8
868,917,913,14940,-8032,368,8
869,916,913,12344,-8436,2100,8
864,918,913,5440,-15140,532,8
860,916,913,5336,-16296,140,8
858,915,912,5728,-15684,-368,8
859,915,912,6432,-14800,-220,8
859,914,881,3088,-15452,1476,8
859,915,913,1416,-17292,616,8
830,915,913,3540,-16888,-1248,8
859,915,912,4616,-16428,-128,8
859,915,913,3728,-16368,632,8
858,916,913,5148,-15852,660,8
858,915,912,4132,-15272,616,8
858,916,913,4076,-15448,512,8
858,915,912,8828,-9492,2576,8
859,915,878,4648,-13112,2764,8
860,916,913,5156,-15484,1780,8
860,915,913,4496,-16116,1868,8
860,915,913,2896,-15736,1252,8
860,916,913,3684,-16052,3140,8
860,916,914,3280,-15484,340,8
860,917,912,4316,-17092,-196,8
859,916,912,4856,-14488,-1148,8
859,915,913,2560,-16852,396,8
859,916,912,6984,-14928,356,8
859,915,904,6380,-15420,2124,8
860,920,914,5992,-15664,1276,8
862,915,912,5096,-17100,344,8
861,917,912,4716,-16024,220,8
858,915,913,4540,-15140,1424,8
856,916,913,2024,-16608,5908,8
855,916,913,2776,-17764,3264,8
853,878,912,2992,-15604,6260,8
853,916,912,3436,-15952,6164,8
854,916,912,3928,-15580,5128,8
855,916,912,6192,-13996,1692,8
855,916,911,5280,-13896,1320,8
855,915,911,5760,-15848,3372,8
855,915,911,6104,-15536,3804,8
855,915,911,5292,-15704,3036,8
855,915,911,5912,-15384,3788,8
854,916,912,5824,-15716,3316,8
855,915,911,6152,-15556,3284,8
854,916,912,5212,-15952,1968,8
855,916,912,4748,-16272,1212,8
855,907,912,5224,-14616,2584,8
856,915,911,5996,-14808,2832,8
856,916,913,6636,-13832,2996,8
856,916,912,5296,-15600,2272,8
856,915,912,6348,-14620,3028,8
856,916,911,6192,-16156,1948,8
856,916,911,5028,-17600,1052,8
856,915,911,5924,-16380,1524,8
857,915,911,7680,-13544,6268,8
857,916,911,6944,-14024,5884,8
856,915,892,5956,-15096,4328,8
856,909,912,6472,-14616,1732,8
856,920,911,6500,-15684,2652,8
858,915,911,5944,-16036,2644,8
860,916,912,6048,-15524,3704,8
859,916,912,5920,-15468,4168,8
859,916,914,7036,-15092,4024,8
858,916,913,6476,-15624,1916,8
858,915,912,5460,-14700,-904,8
858,916,912,4676,-15468,228,8
859,916,912,6180,-19368,-1512,8
859,887,912,9268,-12468,2996,8
857,916,912,14992,-8740,1172,8
855,916,911,9328,-13996,100,8
855,916,912,8832,-14572,-2252,8
849,912,912,8140,-15240,1128,8
852,915,912,6868,-14492,1020,8
854,916,916,9264,-13772,984,8
862,916,912,11592,-10128,2964,8
863,916,912,12340,-12976,1712,8
863,918,912,13692,-9468,820,8
859,886,912,12696,-10128,1332,8
858,915,912,9492,-14200,600,8
854,915,912,8912,-14872,4404,8
836,915,912,9272,-12696,2940,8
804,916,912,6652,-14420,1744,8
852,915,912,6728,-14848,388,8
853,917,912,8660,-15132,-212,8
851,915,912,8816,-13988,2104,8
851,916,913,8416,-14348,1588,8
856,915,912,7620,-14584,2820,8
852,888,912,12672,-10176,380,8
832,915,912,11732,-10920,1840,8
851,915,911,12904,-10864,2284,8
851,915,912,11532,-12444,1880,8
849,887,912,9400,-14432,1712,8
849,915,912,8816,-14120,3864,8
849,915,912,10176,-13316,2640,8
849,915,912,9300,-13352,2220,8
851,915,912,7960,-15140,2992,8
851,915,912,9032,-14340,2920,8
851,914,911,8424,-14164,2604,8
847,914,911,8620,-14228,2848,8
852,914,911,8588,-13832,1024,8
854,915,911,8796,-14064,3756,8
854,915,911,10852,-12120,5236,8
856,916,912,14536,-9976,2864,8
854,914,911,12616,-14636,268,8
855,916,912,4736,-18512,-908,8
854,916,912,6084,-15200,1364,8
853,915,912,5932,-15716,976,8
854,915,912,5396,-16256,3080,8
854,916,912,4560,-15276,2200,8